timestamp,eng_unit,acc_unit,simulated,tow,mag_x,mag_y,mag_z,amqp_topic
2025-11-18 21:38:11.527497,Microteslas,,false,2147483648,156,-334,16,NAV.nav0.MAG_CALIBRATED
2025-11-18 21:38:11.621069,Microteslas,,false,2147483648,157,-334,16,NAV.nav0.MAG_CALIBRATED
2025-11-18 21:38:11.689647,Microteslas,,false,2147483648,155,-332,15,NAV.nav0.MAG_CALIBRATED
2025-11-18 21:38:11.770623,Microteslas,,false,2147483648,158,-335,18,NAV.nav0.MAG_CALIBRATED
2025-11-18 21:38:11.851051,Microteslas,,false,2147483648,159,-334,16,NAV.nav0.MAG_CALIBRATED
2025-11-18 21:38:11.931576,Microteslas,,false,2147483648,159,-335,16,NAV.nav0.MAG_CALIBRATED
2025-11-18 21:38:12.018157,Microteslas,,false,2147483648,155,-334,17,NAV.nav0.MAG_CALIBRATED
2025-11-18 21:38:12.092813,Microteslas,,false,2147483648,159,-334,18,NAV.nav0.MAG_CALIBRATED
2025-11-18 21:38:12.173412,Microteslas,,false,2147483648,158,-334,16,NAV.nav0.MAG_CALIBRATED
2025-11-18 21:38:12.254101,Microteslas,,false,2147483648,159,-335,16,NAV.nav0.MAG_CALIBRATED
2025-11-18 21:38:12.333881,Microteslas,,false,2147483648,157,-335,14,NAV.nav0.MAG_CALIBRATED
2025-11-18 21:38:12.418876,Microteslas,,false,2147483648,157,-335,17,NAV.nav0.MAG_CALIBRATED
2025-11-18 21:38:12.495030,Microteslas,,false,2147483648,157,-334,16,NAV.nav0.MAG_CALIBRATED
2025-11-18 21:38:12.575628,Microteslas,,false,2147483648,155,-332,15,NAV.nav0.MAG_CALIBRATED
2025-11-18 21:38:12.656356,Microteslas,,false,2147483648,156,-334,16,NAV.nav0.MAG_CALIBRATED
2025-11-18 21:38:12.741579,Microteslas,,false,2147483648,157,-336,16,NAV.nav0.MAG_CALIBRATED
2025-11-18 21:38:12.821983,Microteslas,,false,2147483648,157,-335,16,NAV.nav0.MAG_CALIBRATED
2025-11-18 21:38:12.899318,Microteslas,,false,2147483648,158,-335,17,NAV.nav0.MAG_CALIBRATED
2025-11-18 21:38:12.979628,Microteslas,,false,2147483648,159,-334,16,NAV.nav0.MAG_CALIBRATED
2025-11-18 21:38:13.059440,Microteslas,,false,2147483648,156,-332,16,NAV.nav0.MAG_CALIBRATED
2025-11-18 21:38:13.140996,Microteslas,,false,2147483648,157,-334,17,NAV.nav0.MAG_CALIBRATED
2025-11-18 21:38:13.221577,Microteslas,,false,2147483648,155,-333,18,NAV.nav0.MAG_CALIBRATED
2025-11-18 21:38:13.302137,Microteslas,,false,2147483648,157,-335,17,NAV.nav0.MAG_CALIBRATED
2025-11-18 21:38:13.383062,Microteslas,,false,2147483648,159,-334,18,NAV.nav0.MAG_CALIBRATED
2025-11-18 21:38:13.463529,Microteslas,,false,2147483648,156,-334,16,NAV.nav0.MAG_CALIBRATED
2025-11-18 21:38:13.544752,Microteslas,,false,2147483648,157,-334,16,NAV.nav0.MAG_CALIBRATED
2025-11-18 21:38:13.624375,Microteslas,,false,2147483648,157,-334,17,NAV.nav0.MAG_CALIBRATED
2025-11-18 21:38:13.720844,Microteslas,,false,2147483648,160,-332,17,NAV.nav0.MAG_CALIBRATED
2025-11-18 21:38:13.785221,Microteslas,,false,2147483648,159,-335,17,NAV.nav0.MAG_CALIBRATED
2025-11-18 21:38:13.865782,Microteslas,,false,2147483648,156,-334,18,NAV.nav0.MAG_CALIBRATED
2025-11-18 21:38:13.947206,Microteslas,,false,2147483648,156,-334,16,NAV.nav0.MAG_CALIBRATED
2025-11-18 21:38:14.027806,Microteslas,,false,2147483648,158,-336,17,NAV.nav0.MAG_CALIBRATED
2025-11-18 21:38:14.117898,Microteslas,,false,2147483648,159,-335,17,NAV.nav0.MAG_CALIBRATED
2025-11-18 21:38:14.188861,Microteslas,,false,2147483648,156,-335,18,NAV.nav0.MAG_CALIBRATED
2025-11-18 21:38:14.269692,Microteslas,,false,2147483648,160,-334,15,NAV.nav0.MAG_CALIBRATED
2025-11-18 21:38:14.350313,Microteslas,,false,2147483648,160,-335,18,NAV.nav0.MAG_CALIBRATED
2025-11-18 21:38:14.431090,Microteslas,,false,2147483648,159,-335,18,NAV.nav0.MAG_CALIBRATED
2025-11-18 21:38:14.521069,Microteslas,,false,2147483648,159,-334,16,NAV.nav0.MAG_CALIBRATED
2025-11-18 21:38:14.592268,Microteslas,,false,2147483648,158,-334,17,NAV.nav0.MAG_CALIBRATED
2025-11-18 21:38:14.672779,Microteslas,,false,2147483648,153,-335,16,NAV.nav0.MAG_CALIBRATED
2025-11-18 21:38:14.753773,Microteslas,,false,2147483648,156,-333,18,NAV.nav0.MAG_CALIBRATED
2025-11-18 21:38:14.834194,Microteslas,,false,2147483648,157,-334,17,NAV.nav0.MAG_CALIBRATED
2025-11-18 21:38:14.922721,Microteslas,,false,2147483648,157,-335,17,NAV.nav0.MAG_CALIBRATED
2025-11-18 21:38:14.997600,Microteslas,,false,2147483648,156,-334,16,NAV.nav0.MAG_CALIBRATED
2025-11-18 21:38:15.075163,Microteslas,,false,2147483648,158,-334,17,NAV.nav0.MAG_CALIBRATED
2025-11-18 21:38:15.155551,Microteslas,,false,2147483648,156,-334,17,NAV.nav0.MAG_CALIBRATED
2025-11-18 21:38:15.236158,Microteslas,,false,2147483648,155,-334,17,NAV.nav0.MAG_CALIBRATED
2025-11-18 21:38:15.328202,Microteslas,,false,2147483648,159,-334,16,NAV.nav0.MAG_CALIBRATED
2025-11-18 21:38:15.397446,Microteslas,,false,2147483648,160,-335,18,NAV.nav0.MAG_CALIBRATED
2025-11-18 21:38:15.478270,Microteslas,,false,2147483648,158,-335,16,NAV.nav0.MAG_CALIBRATED
2025-11-18 21:38:15.559611,Microteslas,,false,2147483648,158,-335,15,NAV.nav0.MAG_CALIBRATED
2025-11-18 21:38:15.640867,Microteslas,,false,2147483648,161,-335,17,NAV.nav0.MAG_CALIBRATED
2025-11-18 21:38:15.720415,Microteslas,,false,2147483648,160,-335,15,NAV.nav0.MAG_CALIBRATED
2025-11-18 21:38:15.800874,Microteslas,,false,2147483648,156,-334,16,NAV.nav0.MAG_CALIBRATED
2025-11-18 21:38:15.882299,Microteslas,,false,2147483648,157,-334,17,NAV.nav0.MAG_CALIBRATED
2025-11-18 21:38:15.962661,Microteslas,,false,2147483648,159,-335,17,NAV.nav0.MAG_CALIBRATED
2025-11-18 21:38:16.043632,Microteslas,,false,2147483648,158,-335,18,NAV.nav0.MAG_CALIBRATED
2025-11-18 21:38:16.124067,Microteslas,,false,2147483648,157,-334,16,NAV.nav0.MAG_CALIBRATED
2025-11-18 21:38:16.213428,Microteslas,,false,2147483648,155,-334,17,NAV.nav0.MAG_CALIBRATED
2025-11-18 21:38:16.285186,Microteslas,,false,2147483648,160,-334,19,NAV.nav0.MAG_CALIBRATED
2025-11-18 21:38:16.365985,Microteslas,,false,2147483648,157,-334,16,NAV.nav0.MAG_CALIBRATED
2025-11-18 21:38:16.445754,Microteslas,,false,2147483648,157,-335,17,NAV.nav0.MAG_CALIBRATED
2025-11-18 21:38:16.526178,Microteslas,,false,2147483648,160,-335,16,NAV.nav0.MAG_CALIBRATED
2025-11-18 21:38:16.617112,Microteslas,,false,2147483648,158,-333,15,NAV.nav0.MAG_CALIBRATED
2025-11-18 21:38:16.688448,Microteslas,,false,2147483648,158,-334,17,NAV.nav0.MAG_CALIBRATED
2025-11-18 21:38:16.769088,Microteslas,,false,2147483648,157,-334,17,NAV.nav0.MAG_CALIBRATED
2025-11-18 21:38:16.848918,Microteslas,,false,2147483648,158,-335,17,NAV.nav0.MAG_CALIBRATED
2025-11-18 21:38:16.930269,Microteslas,,false,2147483648,156,-334,16,NAV.nav0.MAG_CALIBRATED
2025-11-18 21:38:17.026574,Microteslas,,false,2147483648,156,-335,16,NAV.nav0.MAG_CALIBRATED
2025-11-18 21:38:17.090567,Microteslas,,false,2147483648,157,-335,15,NAV.nav0.MAG_CALIBRATED
2025-11-18 21:38:17.172197,Microteslas,,false,2147483648,156,-334,14,NAV.nav0.MAG_CALIBRATED
2025-11-18 21:38:17.252867,Microteslas,,false,2147483648,157,-335,16,NAV.nav0.MAG_CALIBRATED
2025-11-18 21:38:17.333197,Microteslas,,false,2147483648,159,-332,16,NAV.nav0.MAG_CALIBRATED
2025-11-18 21:38:17.420301,Microteslas,,false,2147483648,158,-335,15,NAV.nav0.MAG_CALIBRATED
2025-11-18 21:38:17.496006,Microteslas,,false,2147483648,157,-334,16,NAV.nav0.MAG_CALIBRATED
2025-11-18 21:38:17.575438,Microteslas,,false,2147483648,156,-334,16,NAV.nav0.MAG_CALIBRATED
2025-11-18 21:38:17.661970,Microteslas,,false,2147483648,160,-335,18,NAV.nav0.MAG_CALIBRATED
2025-11-18 21:38:17.736002,Microteslas,,false,2147483648,159,-334,18,NAV.nav0.MAG_CALIBRATED
2025-11-18 21:38:17.823024,Microteslas,,false,2147483648,159,-336,16,NAV.nav0.MAG_CALIBRATED
2025-11-18 21:38:17.896774,Microteslas,,false,2147483648,157,-334,18,NAV.nav0.MAG_CALIBRATED
2025-11-18 21:38:17.977521,Microteslas,,false,2147483648,158,-334,14,NAV.nav0.MAG_CALIBRATED
2025-11-18 21:38:18.058892,Microteslas,,false,2147483648,156,-335,17,NAV.nav0.MAG_CALIBRATED
2025-11-18 21:38:18.139750,Microteslas,,false,2147483648,157,-335,17,NAV.nav0.MAG_CALIBRATED
2025-11-18 21:38:18.220802,Microteslas,,false,2147483648,156,-337,17,NAV.nav0.MAG_CALIBRATED
2025-11-18 21:38:18.300885,Microteslas,,false,2147483648,157,-334,18,NAV.nav0.MAG_CALIBRATED
2025-11-18 21:38:18.381361,Microteslas,,false,2147483648,156,-334,18,NAV.nav0.MAG_CALIBRATED
2025-11-18 21:38:18.461557,Microteslas,,false,2147483648,156,-334,16,NAV.nav0.MAG_CALIBRATED
2025-11-18 21:38:18.541742,Microteslas,,false,2147483648,156,-335,16,NAV.nav0.MAG_CALIBRATED
2025-11-18 21:38:18.623420,Microteslas,,false,2147483648,156,-335,18,NAV.nav0.MAG_CALIBRATED
2025-11-18 21:38:18.711966,Microteslas,,false,2147483648,160,-333,16,NAV.nav0.MAG_CALIBRATED
2025-11-18 21:38:18.784838,Microteslas,,false,2147483648,156,-335,18,NAV.nav0.MAG_CALIBRATED
2025-11-18 21:38:18.866359,Microteslas,,false,2147483648,157,-335,16,NAV.nav0.MAG_CALIBRATED
2025-11-18 21:38:18.946958,Microteslas,,false,2147483648,157,-334,17,NAV.nav0.MAG_CALIBRATED
2025-11-18 21:38:19.025867,Microteslas,,false,2147483648,157,-335,16,NAV.nav0.MAG_CALIBRATED
2025-11-18 21:38:19.124055,Microteslas,,false,2147483648,157,-335,18,NAV.nav0.MAG_CALIBRATED
2025-11-18 21:38:19.188944,Microteslas,,false,2147483648,156,-333,18,NAV.nav0.MAG_CALIBRATED
2025-11-18 21:38:19.268760,Microteslas,,false,2147483648,157,-335,16,NAV.nav0.MAG_CALIBRATED
2025-11-18 21:38:19.349003,Microteslas,,false,2147483648,159,-335,17,NAV.nav0.MAG_CALIBRATED
2025-11-18 21:38:19.428908,Microteslas,,false,2147483648,158,-334,17,NAV.nav0.MAG_CALIBRATED
2025-11-18 21:38:19.527480,Microteslas,,false,2147483648,155,-335,16,NAV.nav0.MAG_CALIBRATED
2025-11-18 21:38:19.590788,Microteslas,,false,2147483648,157,-334,14,NAV.nav0.MAG_CALIBRATED
2025-11-18 21:38:19.671496,Microteslas,,false,2147483648,159,-335,17,NAV.nav0.MAG_CALIBRATED
2025-11-18 21:38:19.752070,Microteslas,,false,2147483648,157,-336,18,NAV.nav0.MAG_CALIBRATED
2025-11-18 21:38:19.833324,Microteslas,,false,2147483648,159,-335,16,NAV.nav0.MAG_CALIBRATED
2025-11-18 21:38:19.924923,Microteslas,,false,2147483648,158,-335,18,NAV.nav0.MAG_CALIBRATED
2025-11-18 21:38:19.993919,Microteslas,,false,2147483648,156,-333,18,NAV.nav0.MAG_CALIBRATED
2025-11-18 21:38:20.075919,Microteslas,,false,2147483648,157,-336,14,NAV.nav0.MAG_CALIBRATED
2025-11-18 21:38:20.155114,Microteslas,,false,2147483648,158,-335,16,NAV.nav0.MAG_CALIBRATED
2025-11-18 21:38:20.239881,Microteslas,,false,2147483648,159,-335,17,NAV.nav0.MAG_CALIBRATED
2025-11-18 21:38:20.325101,Microteslas,,false,2147483648,159,-334,17,NAV.nav0.MAG_CALIBRATED
2025-11-18 21:38:20.396227,Microteslas,,false,2147483648,155,-334,16,NAV.nav0.MAG_CALIBRATED
2025-11-18 21:38:20.476802,Microteslas,,false,2147483648,156,-334,15,NAV.nav0.MAG_CALIBRATED
2025-11-18 21:38:20.558365,Microteslas,,false,2147483648,157,-334,16,NAV.nav0.MAG_CALIBRATED
2025-11-18 21:38:20.637955,Microteslas,,false,2147483648,160,-334,14,NAV.nav0.MAG_CALIBRATED
2025-11-18 21:38:20.719452,Microteslas,,false,2147483648,156,-334,16,NAV.nav0.MAG_CALIBRATED
2025-11-18 21:38:20.800213,Microteslas,,false,2147483648,157,-334,15,NAV.nav0.MAG_CALIBRATED
2025-11-18 21:38:20.879839,Microteslas,,false,2147483648,157,-336,17,NAV.nav0.MAG_CALIBRATED
2025-11-18 21:38:20.960459,Microteslas,,false,2147483648,157,-334,18,NAV.nav0.MAG_CALIBRATED
2025-11-18 21:38:21.040999,Microteslas,,false,2147483648,160,-334,19,NAV.nav0.MAG_CALIBRATED
2025-11-18 21:38:21.122688,Microteslas,,false,2147483648,157,-336,18,NAV.nav0.MAG_CALIBRATED
2025-11-18 21:38:21.202775,Microteslas,,false,2147483648,157,-332,16,NAV.nav0.MAG_CALIBRATED
2025-11-18 21:38:21.284445,Microteslas,,false,2147483648,158,-335,17,NAV.nav0.MAG_CALIBRATED
2025-11-18 21:38:21.367055,Microteslas,,false,2147483648,160,-335,15,NAV.nav0.MAG_CALIBRATED
2025-11-18 21:38:21.445278,Microteslas,,false,2147483648,155,-335,18,NAV.nav0.MAG_CALIBRATED
2025-11-18 21:38:21.526078,Microteslas,,false,2147483648,157,-335,16,NAV.nav0.MAG_CALIBRATED
2025-11-18 21:38:21.620690,Microteslas,,false,2147483648,160,-334,16,NAV.nav0.MAG_CALIBRATED
2025-11-18 21:38:21.687368,Microteslas,,false,2147483648,157,-335,15,NAV.nav0.MAG_CALIBRATED
2025-11-18 21:38:21.767791,Microteslas,,false,2147483648,157,-336,16,NAV.nav0.MAG_CALIBRATED
2025-11-18 21:38:21.852340,Microteslas,,false,2147483648,157,-336,14,NAV.nav0.MAG_CALIBRATED
2025-11-18 21:38:21.929945,Microteslas,,false,2147483648,157,-336,13,NAV.nav0.MAG_CALIBRATED
2025-11-18 21:38:22.022295,Microteslas,,false,2147483648,156,-335,12,NAV.nav0.MAG_CALIBRATED
2025-11-18 21:38:22.090088,Microteslas,,false,2147483648,158,-335,11,NAV.nav0.MAG_CALIBRATED
2025-11-18 21:38:22.170002,Microteslas,,false,2147483648,155,-337,13,NAV.nav0.MAG_CALIBRATED
2025-11-18 21:38:22.250726,Microteslas,,false,2147483648,158,-337,10,NAV.nav0.MAG_CALIBRATED
2025-11-18 21:38:22.331237,Microteslas,,false,2147483648,159,-337,11,NAV.nav0.MAG_CALIBRATED
2025-11-18 21:38:22.426801,Microteslas,,false,2147483648,153,-337,10,NAV.nav0.MAG_CALIBRATED
2025-11-18 21:38:22.493303,Microteslas,,false,2147483648,152,-338,11,NAV.nav0.MAG_CALIBRATED
2025-11-18 21:38:22.577783,Microteslas,,false,2147483648,154,-338,11,NAV.nav0.MAG_CALIBRATED
2025-11-18 21:38:22.654925,Microteslas,,false,2147483648,154,-338,9,NAV.nav0.MAG_CALIBRATED
2025-11-18 21:38:22.734325,Microteslas,,false,2147483648,152,-337,6,NAV.nav0.MAG_CALIBRATED
2025-11-18 21:38:22.824010,Microteslas,,false,2147483648,152,-341,6,NAV.nav0.MAG_CALIBRATED
2025-11-18 21:38:22.895670,Microteslas,,false,2147483648,155,-340,5,NAV.nav0.MAG_CALIBRATED
2025-11-18 21:38:22.976123,Microteslas,,false,2147483648,151,-339,2,NAV.nav0.MAG_CALIBRATED
2025-11-18 21:38:23.056649,Microteslas,,false,2147483648,150,-343,1,NAV.nav0.MAG_CALIBRATED
2025-11-18 21:38:23.138047,Microteslas,,false,2147483648,150,-341,-5,NAV.nav0.MAG_CALIBRATED
2025-11-18 21:38:23.225624,Microteslas,,false,2147483648,146,-341,-27,NAV.nav0.MAG_CALIBRATED
2025-11-18 21:38:23.299566,Microteslas,,false,2147483648,139,-338,-55,NAV.nav0.MAG_CALIBRATED
2025-11-18 21:38:23.380548,Microteslas,,false,2147483648,142,-338,-55,NAV.nav0.MAG_CALIBRATED
2025-11-18 21:38:23.459729,Microteslas,,false,2147483648,142,-341,-56,NAV.nav0.MAG_CALIBRATED
2025-11-18 21:38:23.541544,Microteslas,,false,2147483648,136,-345,-58,NAV.nav0.MAG_CALIBRATED
2025-11-18 21:38:23.622121,Microteslas,,false,2147483648,127,-350,-59,NAV.nav0.MAG_CALIBRATED
2025-11-18 21:38:23.702802,Microteslas,,false,2147483648,126,-351,-61,NAV.nav0.MAG_CALIBRATED
2025-11-18 21:38:23.782388,Microteslas,,false,2147483648,119,-354,-63,NAV.nav0.MAG_CALIBRATED
2025-11-18 21:38:23.867943,Microteslas,,false,2147483648,113,-359,-66,NAV.nav0.MAG_CALIBRATED
2025-11-18 21:38:23.943775,Microteslas,,false,2147483648,107,-363,-67,NAV.nav0.MAG_CALIBRATED
2025-11-18 21:38:24.024087,Microteslas,,false,2147483648,106,-363,-66,NAV.nav0.MAG_CALIBRATED
2025-11-18 21:38:24.121921,Microteslas,,false,2147483648,102,-365,-68,NAV.nav0.MAG_CALIBRATED
2025-11-18 21:38:24.186651,Microteslas,,false,2147483648,99,-368,-66,NAV.nav0.MAG_CALIBRATED
2025-11-18 21:38:24.266968,Microteslas,,false,2147483648,96,-372,-70,NAV.nav0.MAG_CALIBRATED
2025-11-18 21:38:24.346706,Microteslas,,false,2147483648,96,-371,-66,NAV.nav0.MAG_CALIBRATED
2025-11-18 21:38:24.427571,Microteslas,,false,2147483648,97,-371,-70,NAV.nav0.MAG_CALIBRATED
2025-11-18 21:38:24.525115,Microteslas,,false,2147483648,96,-370,-70,NAV.nav0.MAG_CALIBRATED
2025-11-18 21:38:24.589613,Microteslas,,false,2147483648,96,-370,-69,NAV.nav0.MAG_CALIBRATED
2025-11-18 21:38:24.670047,Microteslas,,false,2147483648,94,-372,-69,NAV.nav0.MAG_CALIBRATED
2025-11-18 21:38:24.750850,Microteslas,,false,2147483648,94,-372,-69,NAV.nav0.MAG_CALIBRATED
2025-11-18 21:38:24.831620,Microteslas,,false,2147483648,89,-374,-66,NAV.nav0.MAG_CALIBRATED
2025-11-18 21:38:24.921588,Microteslas,,false,2147483648,85,-376,-68,NAV.nav0.MAG_CALIBRATED
2025-11-18 21:38:24.992486,Microteslas,,false,2147483648,80,-375,-70,NAV.nav0.MAG_CALIBRATED
2025-11-18 21:38:25.076905,Microteslas,,false,2147483648,79,-377,-68,NAV.nav0.MAG_CALIBRATED
2025-11-18 21:38:25.155819,Microteslas,,false,2147483648,73,-378,-69,NAV.nav0.MAG_CALIBRATED
2025-11-18 21:38:25.234603,Microteslas,,false,2147483648,62,-378,-73,NAV.nav0.MAG_CALIBRATED
2025-11-18 21:38:25.326148,Microteslas,,false,2147483648,49,-378,-81,NAV.nav0.MAG_CALIBRATED
2025-11-18 21:38:25.397137,Microteslas,,false,2147483648,44,-377,-81,NAV.nav0.MAG_CALIBRATED
2025-11-18 21:38:25.476498,Microteslas,,false,2147483648,42,-378,-81,NAV.nav0.MAG_CALIBRATED
2025-11-18 21:38:25.555963,Microteslas,,false,2147483648,36,-377,-80,NAV.nav0.MAG_CALIBRATED
2025-11-18 21:38:25.637115,Microteslas,,false,2147483648,29,-378,-78,NAV.nav0.MAG_CALIBRATED
2025-11-18 21:38:25.720849,Microteslas,,false,2147483648,15,-378,-78,NAV.nav0.MAG_CALIBRATED
2025-11-18 21:38:25.802634,Microteslas,,false,2147483648,12,-381,-84,NAV.nav0.MAG_CALIBRATED
2025-11-18 21:38:25.879217,Microteslas,,false,2147483648,20,-385,-81,NAV.nav0.MAG_CALIBRATED
2025-11-18 21:38:25.958890,Microteslas,,false,2147483648,15,-384,-82,NAV.nav0.MAG_CALIBRATED
2025-11-18 21:38:26.039796,Microteslas,,false,2147483648,18,-387,-83,NAV.nav0.MAG_CALIBRATED
2025-11-18 21:38:26.120088,Microteslas,,false,2147483648,19,-385,-84,NAV.nav0.MAG_CALIBRATED
2025-11-18 21:38:26.200964,Microteslas,,false,2147483648,21,-385,-83,NAV.nav0.MAG_CALIBRATED
2025-11-18 21:38:26.281567,Microteslas,,false,2147483648,19,-386,-85,NAV.nav0.MAG_CALIBRATED
2025-11-18 21:38:26.362275,Microteslas,,false,2147483648,21,-386,-83,NAV.nav0.MAG_CALIBRATED
2025-11-18 21:38:26.443198,Microteslas,,false,2147483648,19,-387,-83,NAV.nav0.MAG_CALIBRATED
2025-11-18 21:38:26.527105,Microteslas,,false,2147483648,18,-386,-83,NAV.nav0.MAG_CALIBRATED
2025-11-18 21:38:26.604025,Microteslas,,false,2147483648,21,-386,-83,NAV.nav0.MAG_CALIBRATED
2025-11-18 21:38:26.686486,Microteslas,,false,2147483648,22,-385,-84,NAV.nav0.MAG_CALIBRATED
2025-11-18 21:38:26.765440,Microteslas,,false,2147483648,18,-386,-84,NAV.nav0.MAG_CALIBRATED
2025-11-18 21:38:26.845953,Microteslas,,false,2147483648,18,-387,-84,NAV.nav0.MAG_CALIBRATED
2025-11-18 21:38:26.926505,Microteslas,,false,2147483648,18,-385,-84,NAV.nav0.MAG_CALIBRATED
2025-11-18 21:38:27.017948,Microteslas,,false,2147483648,19,-386,-81,NAV.nav0.MAG_CALIBRATED
2025-11-18 21:38:27.088803,Microteslas,,false,2147483648,19,-386,-83,NAV.nav0.MAG_CALIBRATED
2025-11-18 21:38:27.168288,Microteslas,,false,2147483648,19,-386,-82,NAV.nav0.MAG_CALIBRATED
2025-11-18 21:38:27.249258,Microteslas,,false,2147483648,18,-386,-82,NAV.nav0.MAG_CALIBRATED
2025-11-18 21:38:27.330320,Microteslas,,false,2147483648,15,-386,-82,NAV.nav0.MAG_CALIBRATED
2025-11-18 21:38:27.422060,Microteslas,,false,2147483648,15,-383,-83,NAV.nav0.MAG_CALIBRATED
2025-11-18 21:38:27.492121,Microteslas,,false,2147483648,9,-384,-79,NAV.nav0.MAG_CALIBRATED
2025-11-18 21:38:27.572499,Microteslas,,false,2147483648,-7,-381,-71,NAV.nav0.MAG_CALIBRATED
2025-11-18 21:38:27.653072,Microteslas,,false,2147483648,-13,-381,-72,NAV.nav0.MAG_CALIBRATED
2025-11-18 21:38:27.732912,Microteslas,,false,2147483648,-23,-380,-72,NAV.nav0.MAG_CALIBRATED
2025-11-18 21:38:27.814692,Microteslas,,false,2147483648,-27,-379,-68,NAV.nav0.MAG_CALIBRATED
2025-11-18 21:38:27.894987,Microteslas,,false,2147483648,-35,-372,-63,NAV.nav0.MAG_CALIBRATED
2025-11-18 21:38:27.975632,Microteslas,,false,2147483648,-43,-368,-55,NAV.nav0.MAG_CALIBRATED
2025-11-18 21:38:28.056450,Microteslas,,false,2147483648,-60,-363,-50,NAV.nav0.MAG_CALIBRATED
2025-11-18 21:38:28.136965,Microteslas,,false,2147483648,-71,-356,-39,NAV.nav0.MAG_CALIBRATED
2025-11-18 21:38:28.221630,Microteslas,,false,2147483648,-88,-347,-35,NAV.nav0.MAG_CALIBRATED
2025-11-18 21:38:28.297298,Microteslas,,false,2147483648,-99,-335,-37,NAV.nav0.MAG_CALIBRATED
2025-11-18 21:38:28.378994,Microteslas,,false,2147483648,-119,-321,-19,NAV.nav0.MAG_CALIBRATED
2025-11-18 21:38:28.459733,Microteslas,,false,2147483648,-130,-310,-6,NAV.nav0.MAG_CALIBRATED
2025-11-18 21:38:28.539981,Microteslas,,false,2147483648,-142,-300,4,NAV.nav0.MAG_CALIBRATED
2025-11-18 21:38:28.621281,Microteslas,,false,2147483648,-148,-295,12,NAV.nav0.MAG_CALIBRATED
2025-11-18 21:38:28.701314,Microteslas,,false,2147483648,-153,-287,25,NAV.nav0.MAG_CALIBRATED
2025-11-18 21:38:28.780844,Microteslas,,false,2147483648,-152,-284,36,NAV.nav0.MAG_CALIBRATED
2025-11-18 21:38:28.862506,Microteslas,,false,2147483648,-154,-275,51,NAV.nav0.MAG_CALIBRATED
2025-11-18 21:38:28.942154,Microteslas,,false,2147483648,-151,-267,66,NAV.nav0.MAG_CALIBRATED
2025-11-18 21:38:29.025791,Microteslas,,false,2147483648,-151,-263,77,NAV.nav0.MAG_CALIBRATED
2025-11-18 21:38:29.114827,Microteslas,,false,2147483648,-150,-256,89,NAV.nav0.MAG_CALIBRATED
2025-11-18 21:38:29.184063,Microteslas,,false,2147483648,-144,-249,104,NAV.nav0.MAG_CALIBRATED
2025-11-18 21:38:29.265652,Microteslas,,false,2147483648,-134,-238,120,NAV.nav0.MAG_CALIBRATED
2025-11-18 21:38:29.346199,Microteslas,,false,2147483648,-128,-233,130,NAV.nav0.MAG_CALIBRATED
2025-11-18 21:38:29.425993,Microteslas,,false,2147483648,-133,-236,123,NAV.nav0.MAG_CALIBRATED
2025-11-18 21:38:29.529253,Microteslas,,false,2147483648,-133,-234,124,NAV.nav0.MAG_CALIBRATED
2025-11-18 21:38:29.587034,Microteslas,,false,2147483648,-132,-234,124,NAV.nav0.MAG_CALIBRATED
2025-11-18 21:38:29.668789,Microteslas,,false,2147483648,-137,-235,124,NAV.nav0.MAG_CALIBRATED
2025-11-18 21:38:29.748314,Microteslas,,false,2147483648,-138,-234,125,NAV.nav0.MAG_CALIBRATED
2025-11-18 21:38:29.830031,Microteslas,,false,2147483648,-137,-233,125,NAV.nav0.MAG_CALIBRATED
2025-11-18 21:38:29.919335,Microteslas,,false,2147483648,-135,-235,122,NAV.nav0.MAG_CALIBRATED
2025-11-18 21:38:29.990853,Microteslas,,false,2147483648,-136,-234,124,NAV.nav0.MAG_CALIBRATED
2025-11-18 21:38:30.071988,Microteslas,,false,2147483648,-133,-234,125,NAV.nav0.MAG_CALIBRATED
2025-11-18 21:38:30.152372,Microteslas,,false,2147483648,-136,-235,124,NAV.nav0.MAG_CALIBRATED
2025-11-18 21:38:30.233393,Microteslas,,false,2147483648,-137,-234,125,NAV.nav0.MAG_CALIBRATED
2025-11-18 21:38:30.326836,Microteslas,,false,2147483648,-137,-234,122,NAV.nav0.MAG_CALIBRATED
2025-11-18 21:38:30.393440,Microteslas,,false,2147483648,-137,-234,125,NAV.nav0.MAG_CALIBRATED
2025-11-18 21:38:30.475193,Microteslas,,false,2147483648,-136,-235,124,NAV.nav0.MAG_CALIBRATED
2025-11-18 21:38:30.556013,Microteslas,,false,2147483648,-135,-235,125,NAV.nav0.MAG_CALIBRATED
2025-11-18 21:38:30.636630,Microteslas,,false,2147483648,-132,-234,124,NAV.nav0.MAG_CALIBRATED
2025-11-18 21:38:30.722879,Microteslas,,false,2147483648,-134,-235,125,NAV.nav0.MAG_CALIBRATED
2025-11-18 21:38:30.797022,Microteslas,,false,2147483648,-139,-235,123,NAV.nav0.MAG_CALIBRATED
2025-11-18 21:38:30.876997,Microteslas,,false,2147483648,-136,-234,123,NAV.nav0.MAG_CALIBRATED
2025-11-18 21:38:30.957794,Microteslas,,false,2147483648,-136,-235,124,NAV.nav0.MAG_CALIBRATED
2025-11-18 21:38:31.039183,Microteslas,,false,2147483648,-138,-234,124,NAV.nav0.MAG_CALIBRATED
2025-11-18 21:38:31.120297,Microteslas,,false,2147483648,-135,-234,124,NAV.nav0.MAG_CALIBRATED
2025-11-18 21:38:31.199843,Microteslas,,false,2147483648,-137,-233,126,NAV.nav0.MAG_CALIBRATED
2025-11-18 21:38:31.281312,Microteslas,,false,2147483648,-134,-234,125,NAV.nav0.MAG_CALIBRATED
2025-11-18 21:38:31.360967,Microteslas,,false,2147483648,-135,-234,125,NAV.nav0.MAG_CALIBRATED
2025-11-18 21:38:31.442599,Microteslas,,false,2147483648,-132,-236,126,NAV.nav0.MAG_CALIBRATED
2025-11-18 21:38:31.525689,Microteslas,,false,2147483648,-136,-235,125,NAV.nav0.MAG_CALIBRATED
2025-11-18 21:38:31.604073,Microteslas,,false,2147483648,-126,-227,135,NAV.nav0.MAG_CALIBRATED
2025-11-18 21:38:31.683597,Microteslas,,false,2147483648,-113,-222,153,NAV.nav0.MAG_CALIBRATED
2025-11-18 21:38:31.765375,Microteslas,,false,2147483648,-91,-211,173,NAV.nav0.MAG_CALIBRATED
2025-11-18 21:38:31.846779,Microteslas,,false,2147483648,-82,-210,181,NAV.nav0.MAG_CALIBRATED
2025-11-18 21:38:31.930006,Microteslas,,false,2147483648,-68,-215,187,NAV.nav0.MAG_CALIBRATED
2025-11-18 21:38:32.019221,Microteslas,,false,2147483648,-45,-215,197,NAV.nav0.MAG_CALIBRATED
2025-11-18 21:38:32.087522,Microteslas,,false,2147483648,-11,-212,205,NAV.nav0.MAG_CALIBRATED
2025-11-18 21:38:32.169314,Microteslas,,false,2147483648,18,-207,209,NAV.nav0.MAG_CALIBRATED
2025-11-18 21:38:32.249269,Microteslas,,false,2147483648,34,-207,207,NAV.nav0.MAG_CALIBRATED
2025-11-18 21:38:32.329413,Microteslas,,false,2147483648,50,-219,205,NAV.nav0.MAG_CALIBRATED
2025-11-18 21:38:32.419468,Microteslas,,false,2147483648,68,-228,199,NAV.nav0.MAG_CALIBRATED
2025-11-18 21:38:32.490656,Microteslas,,false,2147483648,89,-235,188,NAV.nav0.MAG_CALIBRATED
2025-11-18 21:38:32.571308,Microteslas,,false,2147483648,118,-244,179,NAV.nav0.MAG_CALIBRATED
2025-11-18 21:38:32.651856,Microteslas,,false,2147483648,119,-242,181,NAV.nav0.MAG_CALIBRATED
2025-11-18 21:38:32.731760,Microteslas,,false,2147483648,120,-244,179,NAV.nav0.MAG_CALIBRATED
2025-11-18 21:38:32.824533,Microteslas,,false,2147483648,119,-244,180,NAV.nav0.MAG_CALIBRATED
2025-11-18 21:38:32.893753,Microteslas,,false,2147483648,117,-243,180,NAV.nav0.MAG_CALIBRATED
2025-11-18 21:38:32.974365,Microteslas,,false,2147483648,119,-243,179,NAV.nav0.MAG_CALIBRATED
2025-11-18 21:38:33.055024,Microteslas,,false,2147483648,117,-243,181,NAV.nav0.MAG_CALIBRATED
2025-11-18 21:38:33.135688,Microteslas,,false,2147483648,117,-244,180,NAV.nav0.MAG_CALIBRATED
2025-11-18 21:38:33.222377,Microteslas,,false,2147483648,117,-243,178,NAV.nav0.MAG_CALIBRATED
2025-11-18 21:38:33.296875,Microteslas,,false,2147483648,117,-243,175,NAV.nav0.MAG_CALIBRATED
2025-11-18 21:38:33.376650,Microteslas,,false,2147483648,128,-253,162,NAV.nav0.MAG_CALIBRATED
2025-11-18 21:38:33.457201,Microteslas,,false,2147483648,147,-266,135,NAV.nav0.MAG_CALIBRATED
2025-11-18 21:38:33.537980,Microteslas,,false,2147483648,164,-277,114,NAV.nav0.MAG_CALIBRATED
2025-11-18 21:38:33.622385,Microteslas,,false,2147483648,180,-280,104,NAV.nav0.MAG_CALIBRATED
2025-11-18 21:38:33.699126,Microteslas,,false,2147483648,178,-290,90,NAV.nav0.MAG_CALIBRATED
2025-11-18 21:38:33.780756,Microteslas,,false,2147483648,184,-297,71,NAV.nav0.MAG_CALIBRATED
2025-11-18 21:38:33.861085,Microteslas,,false,2147483648,184,-306,55,NAV.nav0.MAG_CALIBRATED
2025-11-18 21:38:33.941745,Microteslas,,false,2147483648,175,-315,38,NAV.nav0.MAG_CALIBRATED
2025-11-18 21:38:34.023021,Microteslas,,false,2147483648,172,-321,18,NAV.nav0.MAG_CALIBRATED
2025-11-18 21:38:34.105658,Microteslas,,false,2147483648,156,-331,7,NAV.nav0.MAG_CALIBRATED
2025-11-18 21:38:34.265828,Microteslas,,false,2147483648,155,-351,-14,NAV.nav0.MAG_CALIBRATED
2025-11-18 21:38:34.344853,Microteslas,,false,2147483648,150,-357,-20,NAV.nav0.MAG_CALIBRATED
2025-11-18 21:38:34.424691,Microteslas,,false,2147483648,151,-358,-22,NAV.nav0.MAG_CALIBRATED
2025-11-18 21:38:34.513920,Microteslas,,false,2147483648,149,-358,-22,NAV.nav0.MAG_CALIBRATED
2025-11-18 21:38:34.587171,Microteslas,,false,2147483648,149,-357,-22,NAV.nav0.MAG_CALIBRATED
2025-11-18 21:38:34.668749,Microteslas,,false,2147483648,154,-358,-21,NAV.nav0.MAG_CALIBRATED
2025-11-18 21:38:34.746997,Microteslas,,false,2147483648,153,-356,-20,NAV.nav0.MAG_CALIBRATED
2025-11-18 21:38:34.827643,Microteslas,,false,2147483648,148,-353,-10,NAV.nav0.MAG_CALIBRATED
2025-11-18 21:38:34.919392,Microteslas,,false,2147483648,120,-334,-14,NAV.nav0.MAG_CALIBRATED
2025-11-18 21:38:34.989062,Microteslas,,false,2147483648,131,-295,-29,NAV.nav0.MAG_CALIBRATED
2025-11-18 21:38:35.070470,Microteslas,,false,2147483648,96,-272,-40,NAV.nav0.MAG_CALIBRATED
2025-11-18 21:38:35.151186,Microteslas,,false,2147483648,53,-254,-85,NAV.nav0.MAG_CALIBRATED
2025-11-18 21:38:35.230823,Microteslas,,false,2147483648,15,-224,-146,NAV.nav0.MAG_CALIBRATED
2025-11-18 21:38:35.327321,Microteslas,,false,2147483648,10,-199,-177,NAV.nav0.MAG_CALIBRATED
2025-11-18 21:38:35.393071,Microteslas,,false,2147483648,30,-203,-153,NAV.nav0.MAG_CALIBRATED
2025-11-18 21:38:35.474035,Microteslas,,false,2147483648,55,-222,-95,NAV.nav0.MAG_CALIBRATED
2025-11-18 21:38:35.554173,Microteslas,,false,2147483648,78,-231,-38,NAV.nav0.MAG_CALIBRATED
2025-11-18 21:38:35.635082,Microteslas,,false,2147483648,96,-223,15,NAV.nav0.MAG_CALIBRATED
2025-11-18 21:38:35.717533,Microteslas,,false,2147483648,83,-218,46,NAV.nav0.MAG_CALIBRATED
2025-11-18 21:38:35.796189,Microteslas,,false,2147483648,44,-222,42,NAV.nav0.MAG_CALIBRATED
2025-11-18 21:38:35.876916,Microteslas,,false,2147483648,5,-232,3,NAV.nav0.MAG_CALIBRATED
2025-11-18 21:38:35.957433,Microteslas,,false,2147483648,-18,-233,-46,NAV.nav0.MAG_CALIBRATED
2025-11-18 21:38:36.037256,Microteslas,,false,2147483648,-39,-221,-96,NAV.nav0.MAG_CALIBRATED
2025-11-18 21:38:36.123164,Microteslas,,false,2147483648,-44,-201,-135,NAV.nav0.MAG_CALIBRATED
2025-11-18 21:38:36.198457,Microteslas,,false,2147483648,-21,-190,-156,NAV.nav0.MAG_CALIBRATED
2025-11-18 21:38:36.278869,Microteslas,,false,2147483648,16,-191,-153,NAV.nav0.MAG_CALIBRATED
2025-11-18 21:38:36.359733,Microteslas,,false,2147483648,63,-201,-125,NAV.nav0.MAG_CALIBRATED
2025-11-18 21:38:36.440349,Microteslas,,false,2147483648,99,-207,-79,NAV.nav0.MAG_CALIBRATED
2025-11-18 21:38:36.525324,Microteslas,,false,2147483648,117,-208,-21,NAV.nav0.MAG_CALIBRATED
2025-11-18 21:38:36.602387,Microteslas,,false,2147483648,115,-200,24,NAV.nav0.MAG_CALIBRATED
2025-11-18 21:38:36.682029,Microteslas,,false,2147483648,82,-202,48,NAV.nav0.MAG_CALIBRATED
2025-11-18 21:38:36.763688,Microteslas,,false,2147483648,42,-205,59,NAV.nav0.MAG_CALIBRATED
2025-11-18 21:38:36.844290,Microteslas,,false,2147483648,5,-205,56,NAV.nav0.MAG_CALIBRATED
2025-11-18 21:38:36.923908,Microteslas,,false,2147483648,-11,-211,35,NAV.nav0.MAG_CALIBRATED
2025-11-18 21:38:37.013191,Microteslas,,false,2147483648,-29,-220,-5,NAV.nav0.MAG_CALIBRATED
2025-11-18 21:38:37.086283,Microteslas,,false,2147483648,-40,-218,-55,NAV.nav0.MAG_CALIBRATED
2025-11-18 21:38:37.166804,Microteslas,,false,2147483648,-28,-214,-96,NAV.nav0.MAG_CALIBRATED
2025-11-18 21:38:37.329342,Microteslas,,false,2147483648,49,-213,-117,NAV.nav0.MAG_CALIBRATED
2025-11-18 21:38:37.422122,Microteslas,,false,2147483648,106,-213,-86,NAV.nav0.MAG_CALIBRATED
2025-11-18 21:38:37.489307,Microteslas,,false,2147483648,132,-210,-33,NAV.nav0.MAG_CALIBRATED
2025-11-18 21:38:37.569023,Microteslas,,false,2147483648,116,-208,20,NAV.nav0.MAG_CALIBRATED
2025-11-18 21:38:37.649365,Microteslas,,false,2147483648,88,-203,63,NAV.nav0.MAG_CALIBRATED
2025-11-18 21:38:37.731096,Microteslas,,false,2147483648,53,-201,85,NAV.nav0.MAG_CALIBRATED
2025-11-18 21:38:37.820603,Microteslas,,false,2147483648,15,-202,89,NAV.nav0.MAG_CALIBRATED
2025-11-18 21:38:37.892259,Microteslas,,false,2147483648,-26,-209,68,NAV.nav0.MAG_CALIBRATED
2025-11-18 21:38:37.973127,Microteslas,,false,2147483648,-76,-207,35,NAV.nav0.MAG_CALIBRATED
2025-11-18 21:38:38.053639,Microteslas,,false,2147483648,-100,-201,-8,NAV.nav0.MAG_CALIBRATED
2025-11-18 21:38:38.134433,Microteslas,,false,2147483648,-76,-210,-47,NAV.nav0.MAG_CALIBRATED
2025-11-18 21:38:38.220183,Microteslas,,false,2147483648,-41,-217,-77,NAV.nav0.MAG_CALIBRATED
2025-11-18 21:38:38.295720,Microteslas,,false,2147483648,-9,-222,-85,NAV.nav0.MAG_CALIBRATED
2025-11-18 21:38:38.376187,Microteslas,,false,2147483648,42,-230,-70,NAV.nav0.MAG_CALIBRATED
2025-11-18 21:38:38.456930,Microteslas,,false,2147483648,81,-230,-22,NAV.nav0.MAG_CALIBRATED
2025-11-18 21:38:38.541162,Microteslas,,false,2147483648,89,-216,41,NAV.nav0.MAG_CALIBRATED
2025-11-18 21:38:38.620869,Microteslas,,false,2147483648,68,-206,80,NAV.nav0.MAG_CALIBRATED
2025-11-18 21:38:38.697780,Microteslas,,false,2147483648,32,-200,98,NAV.nav0.MAG_CALIBRATED
2025-11-18 21:38:38.779165,Microteslas,,false,2147483648,-19,-205,100,NAV.nav0.MAG_CALIBRATED
2025-11-18 21:38:38.865944,Microteslas,,false,2147483648,-66,-200,92,NAV.nav0.MAG_CALIBRATED
2025-11-18 21:38:38.939386,Microteslas,,false,2147483648,-78,-205,74,NAV.nav0.MAG_CALIBRATED
2025-11-18 21:38:39.021664,Microteslas,,false,2147483648,-87,-214,50,NAV.nav0.MAG_CALIBRATED
2025-11-18 21:38:39.100784,Microteslas,,false,2147483648,-83,-222,14,NAV.nav0.MAG_CALIBRATED
2025-11-18 21:38:39.182363,Microteslas,,false,2147483648,-68,-230,-7,NAV.nav0.MAG_CALIBRATED
2025-11-18 21:38:39.263004,Microteslas,,false,2147483648,-23,-237,-19,NAV.nav0.MAG_CALIBRATED
2025-11-18 21:38:39.342918,Microteslas,,false,2147483648,26,-239,-3,NAV.nav0.MAG_CALIBRATED
2025-11-18 21:38:39.424164,Microteslas,,false,2147483648,43,-224,63,NAV.nav0.MAG_CALIBRATED
2025-11-18 21:38:39.505031,Microteslas,,false,2147483648,37,-216,92,NAV.nav0.MAG_CALIBRATED
2025-11-18 21:38:39.585784,Microteslas,,false,2147483648,4,-210,103,NAV.nav0.MAG_CALIBRATED
2025-11-18 21:38:39.665038,Microteslas,,false,2147483648,-34,-201,107,NAV.nav0.MAG_CALIBRATED
2025-11-18 21:38:39.747849,Microteslas,,false,2147483648,-70,-188,95,NAV.nav0.MAG_CALIBRATED
2025-11-18 21:38:39.827747,Microteslas,,false,2147483648,-108,-178,75,NAV.nav0.MAG_CALIBRATED
2025-11-18 21:38:39.921611,Microteslas,,false,2147483648,-130,-175,50,NAV.nav0.MAG_CALIBRATED
2025-11-18 21:38:39.988482,Microteslas,,false,2147483648,-122,-187,22,NAV.nav0.MAG_CALIBRATED
2025-11-18 21:38:40.069447,Microteslas,,false,2147483648,-103,-202,-23,NAV.nav0.MAG_CALIBRATED
2025-11-18 21:38:40.149736,Microteslas,,false,2147483648,-68,-214,-54,NAV.nav0.MAG_CALIBRATED
2025-11-18 21:38:40.229673,Microteslas,,false,2147483648,-29,-220,-68,NAV.nav0.MAG_CALIBRATED
2025-11-18 21:38:40.326117,Microteslas,,false,2147483648,14,-221,-43,NAV.nav0.MAG_CALIBRATED
2025-11-18 21:38:40.391795,Microteslas,,false,2147483648,42,-215,2,NAV.nav0.MAG_CALIBRATED
2025-11-18 21:38:40.472374,Microteslas,,false,2147483648,22,-200,46,NAV.nav0.MAG_CALIBRATED
2025-11-18 21:38:40.552800,Microteslas,,false,2147483648,-3,-183,76,NAV.nav0.MAG_CALIBRATED
2025-11-18 21:38:40.632586,Microteslas,,false,2147483648,-16,-167,99,NAV.nav0.MAG_CALIBRATED
2025-11-18 21:38:40.721657,Microteslas,,false,2147483648,-27,-165,101,NAV.nav0.MAG_CALIBRATED
2025-11-18 21:38:40.794917,Microteslas,,false,2147483648,-34,-167,97,NAV.nav0.MAG_CALIBRATED
2025-11-18 21:38:40.875478,Microteslas,,false,2147483648,-48,-183,66,NAV.nav0.MAG_CALIBRATED
2025-11-18 21:38:40.956432,Microteslas,,false,2147483648,-57,-198,17,NAV.nav0.MAG_CALIBRATED
2025-11-18 21:38:41.036778,Microteslas,,false,2147483648,-68,-211,-54,NAV.nav0.MAG_CALIBRATED
2025-11-18 21:38:41.121272,Microteslas,,false,2147483648,-46,-221,-103,NAV.nav0.MAG_CALIBRATED
2025-11-18 21:38:41.198041,Microteslas,,false,2147483648,10,-238,-80,NAV.nav0.MAG_CALIBRATED
2025-11-18 21:38:41.358304,Microteslas,,false,2147483648,41,-213,64,NAV.nav0.MAG_CALIBRATED
2025-11-18 21:38:41.439182,Microteslas,,false,2147483648,8,-185,100,NAV.nav0.MAG_CALIBRATED
2025-11-18 21:38:41.524501,Microteslas,,false,2147483648,-15,-156,124,NAV.nav0.MAG_CALIBRATED
2025-11-18 21:38:41.599985,Microteslas,,false,2147483648,-34,-136,137,NAV.nav0.MAG_CALIBRATED
2025-11-18 21:38:41.681731,Microteslas,,false,2147483648,-51,-136,126,NAV.nav0.MAG_CALIBRATED
2025-11-18 21:38:41.761255,Microteslas,,false,2147483648,-54,-156,103,NAV.nav0.MAG_CALIBRATED
2025-11-18 21:38:41.843048,Microteslas,,false,2147483648,-59,-182,62,NAV.nav0.MAG_CALIBRATED
2025-11-18 21:38:41.935776,Microteslas,,false,2147483648,-60,-205,12,NAV.nav0.MAG_CALIBRATED
2025-11-18 21:38:42.004711,Microteslas,,false,2147483648,-32,-226,-27,NAV.nav0.MAG_CALIBRATED
2025-11-18 21:38:42.164760,Microteslas,,false,2147483648,24,-228,28,NAV.nav0.MAG_CALIBRATED
2025-11-18 21:38:42.246108,Microteslas,,false,2147483648,14,-207,75,NAV.nav0.MAG_CALIBRATED
2025-11-18 21:38:42.415062,Microteslas,,false,2147483648,-7,-151,128,NAV.nav0.MAG_CALIBRATED
2025-11-18 21:38:42.488032,Microteslas,,false,2147483648,-10,-141,132,NAV.nav0.MAG_CALIBRATED
2025-11-18 21:38:42.567699,Microteslas,,false,2147483648,-21,-150,114,NAV.nav0.MAG_CALIBRATED
2025-11-18 21:38:42.649624,Microteslas,,false,2147483648,-36,-169,88,NAV.nav0.MAG_CALIBRATED
2025-11-18 21:38:42.728992,Microteslas,,false,2147483648,-36,-192,50,NAV.nav0.MAG_CALIBRATED
2025-11-18 21:38:42.823429,Microteslas,,false,2147483648,-11,-216,8,NAV.nav0.MAG_CALIBRATED
2025-11-18 21:38:42.891370,Microteslas,,false,2147483648,20,-230,-5,NAV.nav0.MAG_CALIBRATED
2025-11-18 21:38:42.971610,Microteslas,,false,2147483648,50,-232,25,NAV.nav0.MAG_CALIBRATED
2025-11-18 21:38:43.051421,Microteslas,,false,2147483648,54,-219,70,NAV.nav0.MAG_CALIBRATED
2025-11-18 21:38:43.132058,Microteslas,,false,2147483648,29,-194,108,NAV.nav0.MAG_CALIBRATED
2025-11-18 21:38:43.225859,Microteslas,,false,2147483648,11,-170,129,NAV.nav0.MAG_CALIBRATED
2025-11-18 21:38:43.294030,Microteslas,,false,2147483648,11,-153,137,NAV.nav0.MAG_CALIBRATED
2025-11-18 21:38:43.374080,Microteslas,,false,2147483648,16,-151,130,NAV.nav0.MAG_CALIBRATED
2025-11-18 21:38:43.454505,Microteslas,,false,2147483648,14,-161,110,NAV.nav0.MAG_CALIBRATED
2025-11-18 21:38:43.535934,Microteslas,,false,2147483648,9,-176,87,NAV.nav0.MAG_CALIBRATED
2025-11-18 21:38:43.621503,Microteslas,,false,2147483648,14,-195,62,NAV.nav0.MAG_CALIBRATED
2025-11-18 21:38:43.697220,Microteslas,,false,2147483648,40,-209,38,NAV.nav0.MAG_CALIBRATED
2025-11-18 21:38:43.778266,Microteslas,,false,2147483648,71,-212,32,NAV.nav0.MAG_CALIBRATED
2025-11-18 21:38:43.858668,Microteslas,,false,2147483648,99,-200,57,NAV.nav0.MAG_CALIBRATED
2025-11-18 21:38:43.939419,Microteslas,,false,2147483648,116,-183,90,NAV.nav0.MAG_CALIBRATED
2025-11-18 21:38:44.026823,Microteslas,,false,2147483648,109,-159,120,NAV.nav0.MAG_CALIBRATED
2025-11-18 21:38:44.102008,Microteslas,,false,2147483648,76,-149,137,NAV.nav0.MAG_CALIBRATED
2025-11-18 21:38:44.179991,Microteslas,,false,2147483648,44,-146,138,NAV.nav0.MAG_CALIBRATED
2025-11-18 21:38:44.261694,Microteslas,,false,2147483648,11,-147,130,NAV.nav0.MAG_CALIBRATED
2025-11-18 21:38:44.342406,Microteslas,,false,2147483648,18,-162,110,NAV.nav0.MAG_CALIBRATED
2025-11-18 21:38:44.424706,Microteslas,,false,2147483648,26,-176,84,NAV.nav0.MAG_CALIBRATED
2025-11-18 21:38:44.502775,Microteslas,,false,2147483648,30,-180,62,NAV.nav0.MAG_CALIBRATED
2025-11-18 21:38:44.584040,Microteslas,,false,2147483648,54,-182,42,NAV.nav0.MAG_CALIBRATED
2025-11-18 21:38:44.664794,Microteslas,,false,2147483648,82,-183,39,NAV.nav0.MAG_CALIBRATED
2025-11-18 21:38:44.745318,Microteslas,,false,2147483648,116,-186,29,NAV.nav0.MAG_CALIBRATED
2025-11-18 21:38:44.824985,Microteslas,,false,2147483648,148,-186,21,NAV.nav0.MAG_CALIBRATED
2025-11-18 21:38:44.918040,Microteslas,,false,2147483648,149,-186,35,NAV.nav0.MAG_CALIBRATED
2025-11-18 21:38:44.991558,Microteslas,,false,2147483648,135,-184,58,NAV.nav0.MAG_CALIBRATED
2025-11-18 21:38:45.068140,Microteslas,,false,2147483648,116,-180,77,NAV.nav0.MAG_CALIBRATED
2025-11-18 21:38:45.148785,Microteslas,,false,2147483648,82,-178,97,NAV.nav0.MAG_CALIBRATED
2025-11-18 21:38:45.229219,Microteslas,,false,2147483648,43,-180,100,NAV.nav0.MAG_CALIBRATED
2025-11-18 21:38:45.328825,Microteslas,,false,2147483648,16,-191,83,NAV.nav0.MAG_CALIBRATED
2025-11-18 21:38:45.390433,Microteslas,,false,2147483648,14,-201,55,NAV.nav0.MAG_CALIBRATED
2025-11-18 21:38:45.469932,Microteslas,,false,2147483648,36,-208,33,NAV.nav0.MAG_CALIBRATED
2025-11-18 21:38:45.550529,Microteslas,,false,2147483648,74,-207,19,NAV.nav0.MAG_CALIBRATED
2025-11-18 21:38:45.720107,Microteslas,,false,2147483648,150,-194,-12,NAV.nav0.MAG_CALIBRATED
2025-11-18 21:38:45.793138,Microteslas,,false,2147483648,162,-188,-8,NAV.nav0.MAG_CALIBRATED
2025-11-18 21:38:45.874153,Microteslas,,false,2147483648,149,-194,-1,NAV.nav0.MAG_CALIBRATED
2025-11-18 21:38:45.954515,Microteslas,,false,2147483648,115,-201,20,NAV.nav0.MAG_CALIBRATED
2025-11-18 21:38:46.035619,Microteslas,,false,2147483648,77,-197,53,NAV.nav0.MAG_CALIBRATED
2025-11-18 21:38:46.117016,Microteslas,,false,2147483648,45,-183,75,NAV.nav0.MAG_CALIBRATED
2025-11-18 21:38:46.196534,Microteslas,,false,2147483648,22,-173,84,NAV.nav0.MAG_CALIBRATED
2025-11-18 21:38:46.277350,Microteslas,,false,2147483648,16,-185,62,NAV.nav0.MAG_CALIBRATED
2025-11-18 21:38:46.357478,Microteslas,,false,2147483648,32,-204,30,NAV.nav0.MAG_CALIBRATED
2025-11-18 21:38:46.438652,Microteslas,,false,2147483648,77,-216,2,NAV.nav0.MAG_CALIBRATED
2025-11-18 21:38:46.525097,Microteslas,,false,2147483648,132,-216,-25,NAV.nav0.MAG_CALIBRATED
2025-11-18 21:38:46.598736,Microteslas,,false,2147483648,166,-202,-34,NAV.nav0.MAG_CALIBRATED
2025-11-18 21:38:46.679349,Microteslas,,false,2147483648,161,-206,-36,NAV.nav0.MAG_CALIBRATED
2025-11-18 21:38:46.760054,Microteslas,,false,2147483648,146,-206,-29,NAV.nav0.MAG_CALIBRATED
2025-11-18 21:38:46.925786,Microteslas,,false,2147483648,83,-212,32,NAV.nav0.MAG_CALIBRATED
2025-11-18 21:38:47.001698,Microteslas,,false,2147483648,47,-203,61,NAV.nav0.MAG_CALIBRATED
2025-11-18 21:38:47.082839,Microteslas,,false,2147483648,24,-203,63,NAV.nav0.MAG_CALIBRATED
2025-11-18 21:38:47.163151,Microteslas,,false,2147483648,28,-212,44,NAV.nav0.MAG_CALIBRATED
2025-11-18 21:38:47.244991,Microteslas,,false,2147483648,65,-235,-10,NAV.nav0.MAG_CALIBRATED
2025-11-18 21:38:47.337291,Microteslas,,false,2147483648,131,-234,-67,NAV.nav0.MAG_CALIBRATED
2025-11-18 21:38:47.404857,Microteslas,,false,2147483648,164,-216,-91,NAV.nav0.MAG_CALIBRATED
2025-11-18 21:38:47.485893,Microteslas,,false,2147483648,159,-215,-93,NAV.nav0.MAG_CALIBRATED
2025-11-18 21:38:47.566102,Microteslas,,false,2147483648,139,-223,-53,NAV.nav0.MAG_CALIBRATED
2025-11-18 21:38:47.647854,Microteslas,,false,2147483648,115,-223,-10,NAV.nav0.MAG_CALIBRATED
2025-11-18 21:38:47.727494,Microteslas,,false,2147483648,75,-218,22,NAV.nav0.MAG_CALIBRATED
2025-11-18 21:38:47.826544,Microteslas,,false,2147483648,33,-215,26,NAV.nav0.MAG_CALIBRATED
2025-11-18 21:38:47.888837,Microteslas,,false,2147483648,13,-219,23,NAV.nav0.MAG_CALIBRATED
2025-11-18 21:38:47.970464,Microteslas,,false,2147483648,12,-231,-4,NAV.nav0.MAG_CALIBRATED
2025-11-18 21:38:48.050848,Microteslas,,false,2147483648,40,-249,-50,NAV.nav0.MAG_CALIBRATED
2025-11-18 21:38:48.130712,Microteslas,,false,2147483648,83,-255,-98,NAV.nav0.MAG_CALIBRATED
2025-11-18 21:38:48.223167,Microteslas,,false,2147483648,91,-253,-122,NAV.nav0.MAG_CALIBRATED
2025-11-18 21:38:48.292916,Microteslas,,false,2147483648,80,-255,-111,NAV.nav0.MAG_CALIBRATED
2025-11-18 21:38:48.373196,Microteslas,,false,2147483648,76,-260,-68,NAV.nav0.MAG_CALIBRATED
2025-11-18 21:38:48.453926,Microteslas,,false,2147483648,83,-262,-11,NAV.nav0.MAG_CALIBRATED
2025-11-18 21:38:48.533755,Microteslas,,false,2147483648,99,-270,33,NAV.nav0.MAG_CALIBRATED
2025-11-18 21:38:48.623384,Microteslas,,false,2147483648,122,-287,72,NAV.nav0.MAG_CALIBRATED
2025-11-18 21:38:48.696019,Microteslas,,false,2147483648,136,-312,87,NAV.nav0.MAG_CALIBRATED
2025-11-18 21:38:48.775509,Microteslas,,false,2147483648,127,-339,74,NAV.nav0.MAG_CALIBRATED
2025-11-18 21:38:48.857202,Microteslas,,false,2147483648,131,-350,51,NAV.nav0.MAG_CALIBRATED
2025-11-18 21:38:48.936702,Microteslas,,false,2147483648,133,-355,33,NAV.nav0.MAG_CALIBRATED
2025-11-18 21:38:49.021376,Microteslas,,false,2147483648,123,-365,20,NAV.nav0.MAG_CALIBRATED
2025-11-18 21:38:49.098244,Microteslas,,false,2147483648,106,-380,6,NAV.nav0.MAG_CALIBRATED
2025-11-18 21:38:49.259420,Microteslas,,false,2147483648,101,-393,-9,NAV.nav0.MAG_CALIBRATED
2025-11-18 21:38:49.340326,Microteslas,,false,2147483648,96,-399,-18,NAV.nav0.MAG_CALIBRATED
2025-11-18 21:38:49.423405,Microteslas,,false,2147483648,100,-398,-15,NAV.nav0.MAG_CALIBRATED
2025-11-18 21:38:49.501222,Microteslas,,false,2147483648,102,-393,-12,NAV.nav0.MAG_CALIBRATED
2025-11-18 21:38:49.581840,Microteslas,,false,2147483648,104,-394,-13,NAV.nav0.MAG_CALIBRATED
2025-11-18 21:38:49.662424,Microteslas,,false,2147483648,102,-399,-17,NAV.nav0.MAG_CALIBRATED
2025-11-18 21:38:49.743427,Microteslas,,false,2147483648,104,-399,-17,NAV.nav0.MAG_CALIBRATED
2025-11-18 21:38:49.824494,Microteslas,,false,2147483648,104,-399,-18,NAV.nav0.MAG_CALIBRATED
2025-11-18 21:38:49.904984,Microteslas,,false,2147483648,102,-399,-17,NAV.nav0.MAG_CALIBRATED
2025-11-18 21:38:49.984878,Microteslas,,false,2147483648,104,-399,-19,NAV.nav0.MAG_CALIBRATED
2025-11-18 21:38:50.065707,Microteslas,,false,2147483648,104,-397,-19,NAV.nav0.MAG_CALIBRATED
2025-11-18 21:38:50.146260,Microteslas,,false,2147483648,101,-399,-16,NAV.nav0.MAG_CALIBRATED
2025-11-18 21:38:50.226950,Microteslas,,false,2147483648,106,-399,-18,NAV.nav0.MAG_CALIBRATED
2025-11-18 21:38:50.326827,Microteslas,,false,2147483648,105,-398,-18,NAV.nav0.MAG_CALIBRATED
2025-11-18 21:38:50.388909,Microteslas,,false,2147483648,104,-399,-18,NAV.nav0.MAG_CALIBRATED
2025-11-18 21:38:50.474513,Microteslas,,false,2147483648,104,-398,-18,NAV.nav0.MAG_CALIBRATED
2025-11-18 21:38:50.549135,Microteslas,,false,2147483648,102,-398,-17,NAV.nav0.MAG_CALIBRATED
2025-11-18 21:38:50.629863,Microteslas,,false,2147483648,101,-399,-18,NAV.nav0.MAG_CALIBRATED
2025-11-18 21:38:50.722940,Microteslas,,false,2147483648,102,-398,-16,NAV.nav0.MAG_CALIBRATED
2025-11-18 21:38:50.792022,Microteslas,,false,2147483648,103,-399,-19,NAV.nav0.MAG_CALIBRATED
2025-11-18 21:38:50.876592,Microteslas,,false,2147483648,101,-399,-18,NAV.nav0.MAG_CALIBRATED
2025-11-18 21:38:50.952315,Microteslas,,false,2147483648,103,-399,-18,NAV.nav0.MAG_CALIBRATED
2025-11-18 21:38:51.033093,Microteslas,,false,2147483648,103,-399,-18,NAV.nav0.MAG_CALIBRATED
2025-11-18 21:38:51.121206,Microteslas,,false,2147483648,100,-399,-18,NAV.nav0.MAG_CALIBRATED
2025-11-18 21:38:51.195221,Microteslas,,false,2147483648,103,-398,-17,NAV.nav0.MAG_CALIBRATED
2025-11-18 21:38:51.279824,Microteslas,,false,2147483648,101,-399,-17,NAV.nav0.MAG_CALIBRATED
2025-11-18 21:38:51.360407,Microteslas,,false,2147483648,104,-398,-18,NAV.nav0.MAG_CALIBRATED
2025-11-18 21:38:51.436244,Microteslas,,false,2147483648,104,-398,-18,NAV.nav0.MAG_CALIBRATED
2025-11-18 21:38:51.526907,Microteslas,,false,2147483648,105,-399,-18,NAV.nav0.MAG_CALIBRATED
2025-11-18 21:38:51.598483,Microteslas,,false,2147483648,103,-398,-17,NAV.nav0.MAG_CALIBRATED
2025-11-18 21:38:51.679933,Microteslas,,false,2147483648,103,-399,-15,NAV.nav0.MAG_CALIBRATED
2025-11-18 21:38:51.764257,Microteslas,,false,2147483648,101,-398,-18,NAV.nav0.MAG_CALIBRATED
2025-11-18 21:38:51.839736,Microteslas,,false,2147483648,105,-399,-18,NAV.nav0.MAG_CALIBRATED
2025-11-18 21:38:51.935163,Microteslas,,false,2147483648,103,-398,-16,NAV.nav0.MAG_CALIBRATED
2025-11-18 21:38:52.002624,Microteslas,,false,2147483648,104,-399,-17,NAV.nav0.MAG_CALIBRATED
2025-11-18 21:38:52.082362,Microteslas,,false,2147483648,105,-398,-17,NAV.nav0.MAG_CALIBRATED
2025-11-18 21:38:52.163114,Microteslas,,false,2147483648,103,-399,-18,NAV.nav0.MAG_CALIBRATED
2025-11-18 21:38:52.242544,Microteslas,,false,2147483648,101,-399,-17,NAV.nav0.MAG_CALIBRATED
2025-11-18 21:38:52.331098,Microteslas,,false,2147483648,103,-399,-18,NAV.nav0.MAG_CALIBRATED
2025-11-18 21:38:52.404808,Microteslas,,false,2147483648,107,-398,-17,NAV.nav0.MAG_CALIBRATED
2025-11-18 21:38:52.484309,Microteslas,,false,2147483648,102,-398,-18,NAV.nav0.MAG_CALIBRATED
2025-11-18 21:38:52.564836,Microteslas,,false,2147483648,105,-399,-18,NAV.nav0.MAG_CALIBRATED
2025-11-18 21:38:52.646482,Microteslas,,false,2147483648,102,-400,-18,NAV.nav0.MAG_CALIBRATED
2025-11-18 21:38:52.726355,Microteslas,,false,2147483648,104,-398,-17,NAV.nav0.MAG_CALIBRATED
2025-11-18 21:38:52.815506,Microteslas,,false,2147483648,106,-400,-19,NAV.nav0.MAG_CALIBRATED
2025-11-18 21:38:52.888523,Microteslas,,false,2147483648,102,-399,-18,NAV.nav0.MAG_CALIBRATED
2025-11-18 21:38:52.967888,Microteslas,,false,2147483648,103,-399,-18,NAV.nav0.MAG_CALIBRATED
2025-11-18 21:38:53.049133,Microteslas,,false,2147483648,104,-400,-18,NAV.nav0.MAG_CALIBRATED
2025-11-18 21:38:53.129358,Microteslas,,false,2147483648,104,-396,-17,NAV.nav0.MAG_CALIBRATED
2025-11-18 21:38:53.225605,Microteslas,,false,2147483648,103,-398,-18,NAV.nav0.MAG_CALIBRATED
2025-11-18 21:38:53.291725,Microteslas,,false,2147483648,104,-399,-18,NAV.nav0.MAG_CALIBRATED
2025-11-18 21:38:53.372505,Microteslas,,false,2147483648,102,-397,-18,NAV.nav0.MAG_CALIBRATED
2025-11-18 21:38:53.451945,Microteslas,,false,2147483648,106,-398,-18,NAV.nav0.MAG_CALIBRATED
2025-11-18 21:38:53.532328,Microteslas,,false,2147483648,104,-399,-18,NAV.nav0.MAG_CALIBRATED
2025-11-18 21:38:53.621534,Microteslas,,false,2147483648,103,-398,-18,NAV.nav0.MAG_CALIBRATED
2025-11-18 21:38:53.694638,Microteslas,,false,2147483648,103,-398,-18,NAV.nav0.MAG_CALIBRATED
2025-11-18 21:38:53.774336,Microteslas,,false,2147483648,103,-399,-18,NAV.nav0.MAG_CALIBRATED
2025-11-18 21:38:53.855953,Microteslas,,false,2147483648,105,-399,-18,NAV.nav0.MAG_CALIBRATED
2025-11-18 21:38:53.936560,Microteslas,,false,2147483648,104,-398,-17,NAV.nav0.MAG_CALIBRATED
2025-11-18 21:38:54.022547,Microteslas,,false,2147483648,102,-399,-16,NAV.nav0.MAG_CALIBRATED
2025-11-18 21:38:54.097907,Microteslas,,false,2147483648,105,-397,-16,NAV.nav0.MAG_CALIBRATED
2025-11-18 21:38:54.178304,Microteslas,,false,2147483648,104,-399,-18,NAV.nav0.MAG_CALIBRATED
2025-11-18 21:38:54.259523,Microteslas,,false,2147483648,104,-399,-17,NAV.nav0.MAG_CALIBRATED
2025-11-18 21:38:54.339368,Microteslas,,false,2147483648,105,-397,-18,NAV.nav0.MAG_CALIBRATED
2025-11-18 21:38:54.424667,Microteslas,,false,2147483648,103,-398,-18,NAV.nav0.MAG_CALIBRATED
2025-11-18 21:38:54.499947,Microteslas,,false,2147483648,103,-398,-17,NAV.nav0.MAG_CALIBRATED
2025-11-18 21:38:54.580516,Microteslas,,false,2147483648,102,-399,-18,NAV.nav0.MAG_CALIBRATED
2025-11-18 21:38:54.661367,Microteslas,,false,2147483648,103,-398,-19,NAV.nav0.MAG_CALIBRATED
2025-11-18 21:38:54.741878,Microteslas,,false,2147483648,101,-398,-19,NAV.nav0.MAG_CALIBRATED
2025-11-18 21:38:54.823343,Microteslas,,false,2147483648,104,-399,-18,NAV.nav0.MAG_CALIBRATED
2025-11-18 21:38:54.903130,Microteslas,,false,2147483648,105,-398,-16,NAV.nav0.MAG_CALIBRATED
2025-11-18 21:38:54.984644,Microteslas,,false,2147483648,105,-399,-18,NAV.nav0.MAG_CALIBRATED
2025-11-18 21:38:55.064258,Microteslas,,false,2147483648,107,-398,-18,NAV.nav0.MAG_CALIBRATED
2025-11-18 21:38:55.145309,Microteslas,,false,2147483648,106,-398,-18,NAV.nav0.MAG_CALIBRATED
2025-11-18 21:38:55.225588,Microteslas,,false,2147483648,104,-399,-17,NAV.nav0.MAG_CALIBRATED
2025-11-18 21:38:55.327147,Microteslas,,false,2147483648,104,-398,-18,NAV.nav0.MAG_CALIBRATED
2025-11-18 21:38:55.391083,Microteslas,,false,2147483648,103,-399,-17,NAV.nav0.MAG_CALIBRATED
2025-11-18 21:38:55.468488,Microteslas,,false,2147483648,107,-399,-18,NAV.nav0.MAG_CALIBRATED
2025-11-18 21:38:55.549078,Microteslas,,false,2147483648,101,-398,-16,NAV.nav0.MAG_CALIBRATED
2025-11-18 21:38:55.628586,Microteslas,,false,2147483648,103,-399,-18,NAV.nav0.MAG_CALIBRATED
2025-11-18 21:38:55.724381,Microteslas,,false,2147483648,105,-399,-19,NAV.nav0.MAG_CALIBRATED
2025-11-18 21:38:55.790817,Microteslas,,false,2147483648,103,-400,-17,NAV.nav0.MAG_CALIBRATED
2025-11-18 21:38:55.871622,Microteslas,,false,2147483648,106,-399,-17,NAV.nav0.MAG_CALIBRATED
2025-11-18 21:38:55.951315,Microteslas,,false,2147483648,104,-398,-18,NAV.nav0.MAG_CALIBRATED
2025-11-18 21:38:56.031880,Microteslas,,false,2147483648,104,-399,-17,NAV.nav0.MAG_CALIBRATED
2025-11-18 21:38:56.121006,Microteslas,,false,2147483648,105,-398,-18,NAV.nav0.MAG_CALIBRATED
2025-11-18 21:38:56.193844,Microteslas,,false,2147483648,102,-398,-17,NAV.nav0.MAG_CALIBRATED
2025-11-18 21:38:56.274698,Microteslas,,false,2147483648,103,-399,-16,NAV.nav0.MAG_CALIBRATED
2025-11-18 21:38:56.355066,Microteslas,,false,2147483648,104,-400,-19,NAV.nav0.MAG_CALIBRATED
